{
    "dump": "~\\Desktop\\Code\\AndroidModding\\IL2CPPDumper\\dump_1.4.2.cs",
    "dst": "dumps",
    "classes": [
        {
            "namespace": "UnityEngine",
            "class": "Object",
            "inherits": "Il2CppObject"
        },
        {
            "namespace": "UnityEngine",
            "class": "GameObject",
            "inherits": "Il2CppObject"
        },
        {
            "namespace": "UnityEngine",
            "class": "Transform"
        },
        {
            "namespace": "UnityEngine",
            "class": "RectTransform"
        },
        {
            "namespace": "UnityEngine",
            "class": "Resources"
        },
        {
            "namespace": "TMPro",
            "class": "TextMeshProUGUI",
            "inherits": "Il2CppObject"
        },
        {
            "namespace": "System",
            "class": "Type"
        },
        {
            "namespace": "System.Reflection",
            "class": "Assembly"
        },
        {
            "namespace": "TMPro",
            "class": "TMP_FontAsset",
            "inherits": "Il2CppObject"
        },
        {
            "namespace": "TMPro",
            "class": "TMP_Text",
            "inherits": "Il2CppObject"
        },
        {
            "namespace": "UnityEngine",
            "class": "Canvas",
            "inherits": "Il2CppObject"
        },
        {
            "namespace": "",
            "class": "ScoreController",
            "inherits": "Il2CppObject"
        },
        {
            "namespace": "UnityEngine",
            "class": "Component",
            "inherits": "Il2CppObject"
        }
    ]
}