{
    "id": "MoreOptions",
    "name": "More Controller Options",
    "author": "Henwill8",
    "description": [
        
        "Lets you go farther in x, y, and/or z"
        
    ],
    "category": "Gameplay",
    "gameVersion": "1.6.0",
    "version": "0.1.0",
    "platform": "Quest",
    "components": [
        {
            "type": "HookMod",
            "installAction": {
                "installLibraryFile": "libmoreoptions.so"
            },
            "uninstallAction": {
                "removeLibraryFile": "libmoreoptions.so"
            }
        }
    ]
}
